0400ee4490ea42a8f456b62c88e25ad03c8e1e94e07af278c446c67cf872eaa080020000,proform_treadmill_l6_0s
0701c86c02ae4cf89e4ae0944af6a47006c2985c12de9c480efab0645a06f4e098020000,proform_treadmill_995i
07e6dad4ccc2c6c8c8cec2dcd4eafe1000362a447c92b6d8f81e324c64bace20a0020000,nordictrack_series_7
040061d85dd051d055e861f88d009120d548e1983dd07110b548e1b84de0b14080020000,nordictrack10
040036a4087aea68dc46ce4cb032b250d45ec674f86a1ab82cd67e1c8022c2a080020000,proform_505_cst_80_44;proform_595i_proshox2;proform_proshox2
0798e93895e03990fd58b91875d049a00d98e978f540d950dd58d958d550c940a0020000,proform_carbon_tl
0701577093bce7003b5487b0e32c5780db145790d31c4780fb3467d0036cd70090020000,proform_treadmill_1500_pro
07018d68492815f0e9c0bda89988756079704d484948757069609d88b9a8d5c0a0020000,nordictrack_tseries5_treadmill
070193c0ff346ba0ef2c63a0ff348bc00f7cd3007fd40b60cf2c83e07fd42b8090020000,proform_treadmill_c960i
0400fda85908c57039e0ad6829e8a5602910dd88792805f0d9806d482908e5c080020000,proform_performance_300i
04005d28f9c8a57059200de8c9a8856049503d0819e8e5f0f9c0cdc8c9c8c5c080020000,proform_performance_400i
04001978e540a9108df869d845b039a03db839b825a029d04df869188530d94080020000,proform_treadmill_c700
0701dd2879c82570d9208de849a80560c950bd0899e865f079c04dc849c845c098020000,proform_carbon_tl_PFTL59720
040031980d70e150c548b138bd20a120a528d158cd70e19005a851f89d00a14080020000,proform_treadmill_sport_70
070183008f149b20bf4cd3600f943bc07f1ca340efb45be0bf4c13a06f34fb8088020000,proform_treadmill_575i
071aa43cce66f09822c26c04a65ef8b05aeab44c1ed66028f2b27c34f6ae6860a0020000,proform_treadmill_8_7
070172f474f27e08801eaa3ccc5ae69008a642e48422ce9830ce9a2cfc8a562098020000,proform_8_5_treadmill
0400d97825c06910cd7829d88530f9a07d38f9b86520e9d08d782918c5b0994080020000,proform_treadmill_sport_8_5
0400b9f84580c9106db80958a5f059a01d78d93885e049d02db80998e570f94080020000,proform_treadmill_sport_8_5_2
070113c07f34eba06f2ce3a07f340bc08f7c5300ffd48b604f2c03e0ffd4ab8090020000,proform_pro_1000_treadmill
04009624a83aca68fc862ecc50f29250f49e26f4982afab84c16de9c20e2a2a080020000,proform_treadmill_705_cst
0400b04cda7e14b846fa9834d2863cf09e52e0bc4a0ec488560ac8844236ece080020000,proform_treadmill_z1300i
040041587d90b1d0f5284178adc0f1207588c1185d90d1105588c1386da0114080020000,proform_treadmill_705_cst_V80_44
07e0d5c8c1b8bdb0b1b0b5c8c1d8ede01100352841789db0d1f015284198adc0a0020000,nordictrack_treadmill_exp_5i
04005978a5c0e9104d78a9d8053079a0fd3879b8e52069d00d78a91845b0194080020000,nordictrack_incline_trainer_x7i
040028eca26e2cf8be8a4014eab684702602f8dcb29e7c482e3a10e4fac6d4e080020000,proform_trainer_8_0
070138ac128efc78ee6ad054da56d470f662e89c02be2cc87e1a8024ca6604e098020000,norditrack_s25_treadmill
0701e58831d88d30e1904508b1783de0a16025e8d1984d30e1d0856851381dc098020000,norditrack_s25i_treadmill
0701e23484d22e88d03e9afc5cba1690f846d224b4029e1860ee6aec6cea662098020000,proform_cadence_lt;proform_treadmill_8_0
0400c5085198ed3081d02588d1389de041a00568f158ad30811065e871f87dc080020000,nordictrackt70
04009118ad30c150e58811b85de08120c56831d86d30c19025e8b1783dc0814080020000,proform_treadmill_9_0
0701ff50ab0c6fc02384ff50cb3caf0093e47ff04bcc4fc043c47ff06b1c8f00a0020000,nordictrack_elite_800
0701cec4b0aaa2a8949696aca8a2bad0dccefe14003a52786486a6fc18324aa088020000,nordictrack_t65s_treadmill_81_miles;nordictrack_t65s_treadmill
0701f4fcfe06001812223c44567e88b0aacae40c2e7690a8c2122c7486ce186098020000,nordictrack_t65s_83_treadmill
0701927454321e08e0decabcac9a86906866626464626e98908ebaacdccaf62080020000,proform_treadmill_1800i
070153c03fb42ba02fac23a03fb44bc04ffc9300bf54cb600fac43e0bf54eb8088020000,proform_treadmill_se
07013ba01784f360d75cdb40c744c340c74cfb60178433a057fc9b00a744e38088020000,nordictrack_s20_treadmill
0701e1d8ddd0d1d0d5e8e1f80d00112055486198bdd0f110354861b8cde0314098020000,proform_carbon_tl_PFTL59722c
070185089118ad30c150e58811b85de08120c56831d86d30c19025e8b1783dc098020000,nordictrack_s20i_treadmill
076ea6e4185a9ae82c66be0c4092e25084fe56b4e84aaa389cf64edc308212a0a0020000,proform_treadmill_carbon_tls
078ed62468ba0a68bc066ecc1072d250b41e66f458aa3ab80c961e9ce062e2a0a0020000,nordictrack_treadmill_ultra_le
0701643c0ee6b09862422c04e6deb8b09a6a744c5e56202832323c34362e286098020000,nordictrack_s30_treadmill
0400e1d8ddd0d1d0d5e8e1f80d00112055486198bdd0f110354861b8cde0314080020000,proform_treadmill_505_cst
07015624e8ba8a683c06eecc90725250341ee6f4d8aabab88c969e9c606262a098020000,proform_treadmill_sport_3_0
070110cc7a3ef4b8663af8b472461cf0be92403ceacea488764a2804e2f6cce098020000,generic
